UNIT;REALTIME;
bn:16000014n,bn:00484480n;TIMEOUT;
bn:00706350n,bn:14329700n;TIMEOUT;
bn:15997833n,bn:01051178n;TIMEOUT;
bn:03883322n,bn:01448242n;TIMEOUT;
bn:03009271n,bn:00563712n;TIMEOUT;
bn:02912224n,bn:01699247n;TIMEOUT;
bn:14723034n,bn:02329659n;TIMEOUT;
bn:00656693n,bn:01700595n;TIMEOUT;
bn:00323676n,bn:03233275n;TIMEOUT;
bn:01820132n,bn:00981190n;TIMEOUT;
bn:00758878n,bn:01437569n;TIMEOUT;
bn:03088190n,bn:01038664n;TIMEOUT;
bn:00806034n,bn:03884545n;TIMEOUT;
bn:01996220n,bn:02485730n;TIMEOUT;
bn:17444273n,bn:00488566n;TIMEOUT;
bn:03006053n,bn:16248298n;TIMEOUT;
bn:03455000n,bn:16545218n;TIMEOUT;
bn:14629812n,bn:02580310n;TIMEOUT;
bn:16652800n,bn:00554795n;TIMEOUT;
bn:06314416n,bn:05115548n;TIMEOUT;
bn:03471431n,bn:03374862n;TIMEOUT;
bn:03525762n,bn:03419900n;TIMEOUT;
bn:03497699n,bn:03502621n;TIMEOUT;
bn:03342340n,bn:03130199n;TIMEOUT;
bn:03520592n,bn:03447418n;TIMEOUT;
bn:03498201n,bn:03502683n;TIMEOUT;
bn:03523207n,bn:03451166n;TIMEOUT;
bn:03523223n,bn:03375041n;TIMEOUT;
bn:03447449n,bn:03215113n;TIMEOUT;
bn:03528059n,bn:03522673n;TIMEOUT;
bn:03447592n,bn:03528007n;TIMEOUT;
bn:03504601n,bn:03447548n;TIMEOUT;
bn:15660014n,bn:03521688n;TIMEOUT;
bn:03420761n,bn:03519366n;TIMEOUT;
bn:03519370n,bn:03492927n;TIMEOUT;
bn:03498003n,bn:03374900n;TIMEOUT;
bn:03497727n,bn:03520137n;TIMEOUT;
bn:03470353n,bn:03530257n;TIMEOUT;
bn:03497623n,bn:03525367n;TIMEOUT;
bn:03497916n,bn:00933700n;TIMEOUT;
bn:01858264n,bn:01413725n;TIMEOUT;
bn:02930274n,bn:02195970n;TIMEOUT;
bn:01848280n,bn:01225150n;TIMEOUT;
bn:03297343n,bn:00176374n;TIMEOUT;
bn:03762787n,bn:02081021n;TIMEOUT;
bn:02062835n,bn:03681483n;TIMEOUT;
bn:02178633n,bn:01044054n;TIMEOUT;
bn:01611691n,bn:03096878n;TIMEOUT;
bn:00736414n,bn:17484054n;TIMEOUT;
bn:01333415n,bn:14023949n;TIMEOUT;
bn:01526872n,bn:00134117n;TIMEOUT;
bn:01328047n,bn:01687378n;TIMEOUT;
bn:02270077n,bn:00713749n;TIMEOUT;
bn:00653203n,bn:13916290n;TIMEOUT;
bn:00825797n,bn:02390294n;TIMEOUT;
bn:00833397n,bn:01123137n;TIMEOUT;
bn:00605631n,bn:00904850n;TIMEOUT;
bn:03552490n,bn:02766516n;TIMEOUT;
bn:01346768n,bn:02049526n;TIMEOUT;
bn:02302487n,bn:00944036n;TIMEOUT;
bn:02978032n,bn:03392847n;TIMEOUT;
bn:14385399n,bn:01220064n;TIMEOUT;
bn:02545581n,bn:01272322n;TIMEOUT;
bn:00898527n,bn:13268638n;TIMEOUT;
bn:15930937n,bn:02278258n;TIMEOUT;
bn:01040510n,bn:17382596n;TIMEOUT;
bn:01107797n,bn:04318205n;TIMEOUT;
bn:14606038n,bn:01995287n;TIMEOUT;
bn:14386248n,bn:00963206n;TIMEOUT;
bn:03578965n,bn:15560213n;TIMEOUT;
bn:00946985n,bn:02859421n;TIMEOUT;
bn:15170741n,bn:06751523n;TIMEOUT;
bn:12991226n,bn:01890670n;TIMEOUT;
bn:03882458n,bn:14329060n;TIMEOUT;
bn:12990857n,bn:00347272n;TIMEOUT;
bn:17249395n,bn:01177298n;TIMEOUT;
bn:00606733n,bn:00238729n;TIMEOUT;
bn:15245835n,bn:00051632n;TIMEOUT;
bn:02670986n,bn:21706091n;TIMEOUT;
bn:01640174n,bn:16547402n;TIMEOUT;
bn:00943794n,bn:02173206n;TIMEOUT;
bn:03521114n,bn:01390821n;TIMEOUT;
bn:14403184n,bn:03792558n;TIMEOUT;
bn:14487866n,bn:10467664n;TIMEOUT;
bn:01100833n,bn:02604648n;TIMEOUT;
bn:15531670n,bn:02077760n;TIMEOUT;
bn:17301687n,bn:01035303n;TIMEOUT;
bn:03452131n,bn:03158080n;TIMEOUT;
bn:00433057n,bn:17808590n;TIMEOUT;
bn:13087239n,bn:13837726n;TIMEOUT;
bn:07302920n,bn:00333546n;TIMEOUT;
bn:14975415n,bn:00688951n;TIMEOUT;
bn:02914899n,bn:01287048n;TIMEOUT;
bn:01551640n,bn:01010128n;TIMEOUT;
bn:02425281n,bn:03006503n;TIMEOUT;
bn:14169074n,bn:17004758n;TIMEOUT;
bn:01437311n,bn:19715761n;TIMEOUT;
bn:01323039n,bn:00255232n;TIMEOUT;
bn:00714321n,bn:01992073n;TIMEOUT;
bn:02288913n,bn:02993551n;TIMEOUT;
bn:03613750n,bn:00309788n;TIMEOUT;
bn:01826381n,bn:02064423n;TIMEOUT;
bn:03599600n,bn:02228272n;TIMEOUT;
bn:01296206n,bn:00547702n;TIMEOUT;
bn:00309788n,bn:04116179n;TIMEOUT;
bn:00423218n,bn:03571157n;TIMEOUT;
bn:01711175n,bn:03114652n;TIMEOUT;
bn:03647705n,bn:03156905n;TIMEOUT;
bn:00697414n,bn:14856685n;TIMEOUT;
bn:00615887n,bn:02948029n;TIMEOUT;
bn:00121485n,bn:02511049n;TIMEOUT;
bn:01706375n,bn:01572692n;TIMEOUT;
bn:03453752n,bn:09664959n;TIMEOUT;
bn:03742134n,bn:03571157n;TIMEOUT;
bn:00138436n,bn:00130967n;TIMEOUT;
bn:00136058n,bn:03789618n;TIMEOUT;
bn:03377684n,bn:03479571n;TIMEOUT;
bn:02217761n,bn:00133320n;TIMEOUT;
bn:03423724n,bn:03783476n;TIMEOUT;
bn:00715094n,bn:03338744n;TIMEOUT;
bn:15923271n,bn:15386227n;TIMEOUT;
bn:03639402n,bn:14005134n;TIMEOUT;
bn:00977590n,bn:16220521n;TIMEOUT;
bn:14519136n,bn:17258013n;TIMEOUT;
bn:14933078n,bn:16175421n;TIMEOUT;
bn:14771422n,bn:02341773n;TIMEOUT;
bn:15634233n,bn:03889292n;TIMEOUT;
bn:08973177n,bn:16233568n;TIMEOUT;
bn:04972506n,bn:02310434n;TIMEOUT;
bn:03536267n,bn:14633654n;TIMEOUT;
bn:01491856n,bn:15561128n;TIMEOUT;
bn:02224558n,bn:01364040n;TIMEOUT;
bn:15434333n,bn:01799775n;TIMEOUT;
bn:01573118n,bn:01294228n;TIMEOUT;
bn:16225366n,bn:17663579n;TIMEOUT;
bn:01485104n,bn:15309988n;TIMEOUT;
bn:00620112n,bn:08876443n;TIMEOUT;
bn:02141811n,bn:04899097n;TIMEOUT;
bn:15189780n,bn:00351159n;TIMEOUT;
bn:11179127n,bn:03182200n;TIMEOUT;
bn:01054160n,bn:03235519n;TIMEOUT;
bn:00292040n,bn:14123467n;TIMEOUT;
bn:01856277n,bn:18493810n;TIMEOUT;
bn:01511907n,bn:00996459n;TIMEOUT;
bn:03138911n,bn:03459249n;TIMEOUT;
bn:02080728n,bn:14085736n;TIMEOUT;
bn:01971941n,bn:02230676n;TIMEOUT;
bn:03796056n,bn:02970602n;TIMEOUT;
bn:00781791n,bn:01089608n;TIMEOUT;
bn:00461482n,bn:02313026n;TIMEOUT;
bn:03716317n,bn:03054147n;TIMEOUT;
bn:00272444n,bn:00194777n;TIMEOUT;
bn:01297301n,bn:00396728n;TIMEOUT;
bn:15063681n,bn:02612570n;TIMEOUT;
bn:14664041n,bn:14024751n;TIMEOUT;
bn:03106371n,bn:01744178n;TIMEOUT;
bn:00930464n,bn:15440345n;TIMEOUT;
bn:14130558n,bn:15799922n;TIMEOUT;
bn:01029482n,bn:03496859n;TIMEOUT;
bn:01307772n,bn:14390313n;TIMEOUT;
bn:00801997n,bn:04702553n;TIMEOUT;
bn:03290024n,bn:14371136n;TIMEOUT;
bn:00352021n,bn:00228050n;TIMEOUT;
bn:00433596n,bn:00942031n;TIMEOUT;
bn:00134895n,bn:03222319n;TIMEOUT;
bn:06549746n,bn:03337284n;TIMEOUT;
bn:08426411n,bn:06385175n;TIMEOUT;
bn:05387639n,bn:00519806n;TIMEOUT;
bn:02048193n,bn:02851732n;TIMEOUT;
bn:00903189n,bn:14031732n;TIMEOUT;
bn:02930130n,bn:03739986n;TIMEOUT;
bn:05443443n,bn:00696701n;TIMEOUT;
bn:03333509n,bn:08356900n;TIMEOUT;
bn:02228133n,bn:02625925n;TIMEOUT;
bn:01543648n,bn:01794518n;TIMEOUT;
bn:03389975n,bn:01097045n;TIMEOUT;
bn:02353370n,bn:00847609n;TIMEOUT;
bn:05588988n,bn:02562543n;TIMEOUT;
bn:02082944n,bn:03875524n;TIMEOUT;
bn:02270564n,bn:14950595n;TIMEOUT;
bn:14399515n,bn:20243133n;TIMEOUT;
bn:00715252n,bn:15514752n;TIMEOUT;
bn:00468489n,bn:06415402n;TIMEOUT;
bn:16047050n,bn:15268194n;TIMEOUT;
bn:06329897n,bn:06363716n;TIMEOUT;
bn:02074362n,bn:20243162n;TIMEOUT;
bn:03937168n,bn:20243893n;TIMEOUT;
bn:20243382n,bn:02015108n;TIMEOUT;
bn:06367535n,bn:20243013n;TIMEOUT;
bn:20244692n,bn:03714046n;TIMEOUT;
bn:10255118n,bn:20245063n;TIMEOUT;
bn:04305627n,bn:03216896n;TIMEOUT;
bn:20243549n,bn:20245159n;TIMEOUT;
bn:20244399n,bn:20243609n;TIMEOUT;
bn:14162961n,bn:20245805n;TIMEOUT;
bn:15139585n,bn:20244445n;TIMEOUT;
bn:01196887n,bn:20245351n;TIMEOUT;
bn:20243729n,bn:10261602n;TIMEOUT;
bn:04172402n,bn:20244338n;TIMEOUT;
bn:06271948n,bn:00880226n;TIMEOUT;
bn:00590551n,bn:02163979n;TIMEOUT;
bn:03355540n,bn:00572009n;TIMEOUT;
bn:01176188n,bn:03349734n;TIMEOUT;
bn:00301685n,bn:03509839n;TIMEOUT;
bn:03382140n,bn:03830231n;TIMEOUT;
bn:00607940n,bn:02180837n;TIMEOUT;
bn:00772120n,bn:03620933n;TIMEOUT;
bn:01142184n,bn:01046278n;TIMEOUT;
bn:14728681n,bn:02830798n;TIMEOUT;
bn:03682090n,bn:00265071n;TIMEOUT;
bn:00798348n,bn:15935403n;TIMEOUT;
bn:00122001n,bn:03376603n;TIMEOUT;
bn:01051095n,bn:16354380n;TIMEOUT;
bn:03810828n,bn:15329445n;TIMEOUT;
bn:15400887n,bn:01771064n;TIMEOUT;
bn:00192512n,bn:08150856n;TIMEOUT;
bn:00146535n,bn:16640679n;TIMEOUT;
bn:17745867n,bn:01301114n;TIMEOUT;
bn:01207598n,bn:04075024n;TIMEOUT;
bn:03996809n,bn:03365088n;TIMEOUT;
bn:14581385n,bn:01136081n;TIMEOUT;
bn:01005574n,bn:02070930n;TIMEOUT;
bn:14329264n,bn:14175020n;TIMEOUT;
bn:02450552n,bn:01007157n;TIMEOUT;
bn:00135934n,bn:01270820n;TIMEOUT;
bn:17256681n,bn:14650465n;TIMEOUT;
bn:00536155n,bn:01401052n;TIMEOUT;
bn:04797753n,bn:02590172n;TIMEOUT;
bn:16874443n,bn:03170231n;TIMEOUT;
bn:14137322n,bn:01053941n;TIMEOUT;
bn:01933107n,bn:00905493n;TIMEOUT;
bn:16601447n,bn:00995667n;TIMEOUT;
bn:02419135n,bn:14866640n;TIMEOUT;
bn:00261628n,bn:01136091n;TIMEOUT;
bn:15802238n,bn:15288231n;TIMEOUT;
bn:01399899n,bn:00352290n;TIMEOUT;
bn:01000576n,bn:01773250n;TIMEOUT;
bn:04809031n,bn:01681045n;TIMEOUT;
bn:04807216n,bn:01695564n;TIMEOUT;
bn:02884049n,bn:14520925n;TIMEOUT;
bn:00915979n,bn:02426205n;TIMEOUT;
bn:15939213n,bn:05144812n;TIMEOUT;
bn:02688185n,bn:05472498n;TIMEOUT;
bn:08476136n,bn:03875359n;TIMEOUT;
bn:03340439n,bn:02366938n;TIMEOUT;
bn:02355295n,bn:02786318n;TIMEOUT;
bn:02812478n,bn:04837651n;TIMEOUT;
bn:15492993n,bn:01557848n;TIMEOUT;
bn:03685106n,bn:00522510n;TIMEOUT;
bn:02912715n,bn:01013749n;TIMEOUT;
bn:03451315n,bn:05473584n;TIMEOUT;
bn:00894109n,bn:00518122n;TIMEOUT;
bn:03581893n,bn:03191399n;TIMEOUT;
bn:15903232n,bn:03252928n;TIMEOUT;
bn:04704838n,bn:02035319n;TIMEOUT;
bn:10822527n,bn:06761648n;TIMEOUT;
bn:14513033n,bn:04967027n;TIMEOUT;
bn:01676958n,bn:02753853n;TIMEOUT;
bn:00419378n,bn:04971622n;TIMEOUT;
bn:10748570n,bn:15857631n;TIMEOUT;
bn:02308417n,bn:15300204n;TIMEOUT;
bn:00592977n,bn:03480637n;TIMEOUT;
bn:13998955n,bn:00876953n;TIMEOUT;
bn:14290760n,bn:01244458n;TIMEOUT;
bn:03558246n,bn:03449228n;TIMEOUT;
bn:13999772n,bn:00721818n;TIMEOUT;
bn:01521373n,bn:03658298n;TIMEOUT;
bn:03796852n,bn:00786674n;TIMEOUT;
bn:02587760n,bn:14390766n;TIMEOUT;
bn:15173367n,bn:10265734n;TIMEOUT;
bn:01312597n,bn:03498581n;TIMEOUT;
bn:02088578n,bn:00161267n;TIMEOUT;
bn:00921108n,bn:00929938n;TIMEOUT;
bn:00633490n,bn:03360755n;TIMEOUT;
bn:02241810n,bn:01972044n;TIMEOUT;
bn:02707520n,bn:02381099n;TIMEOUT;
bn:00562047n,bn:02873747n;TIMEOUT;
bn:03369755n,bn:01320114n;TIMEOUT;
bn:03737795n,bn:01857302n;TIMEOUT;
bn:03259954n,bn:03823195n;TIMEOUT;
